YEAR,wind_stress
1988,5.34
1989,5.47
1990,4.29
1991,5.56
1992,5.52
1993,5.49
1994,5.06
1995,4.93
1996,6.88
1997,4.25
1998,5.19
1999,4.81
2000,5.51
2001,4.24
2002,4.77
2003,5.69
2004,5.33
2005,5.27
2006,5.14
2007,5.36
2008,4.67
2009,4.98
2010,6.34
2011,7.24
2012,6.02
2013,5.39
2014,6.77
2015,6.05
2016,5.93
2017,5.59
2018,6.05
2019,6.58
2020,6.04
2021,6.298776727
2022,5.844716161
2023,5.384547389
2024,6.056341459
2025,6.409407585
